Symbol,Name,Options?
ASD,Horizons Australian Dollar Currency ETF,No
AXF,First Asset DEX All Canada Bond Barbell Index ETF,No
AXF.A,First Asset DEX All Canada Bond Barbell Index ETF (Advisor Units),No
BWV,iPath ® CBOE S&P 500 BuyWrite Index ETN,No
BWV.U,iPath ® CBOE S&P 500 BuyWrite Index ETN,No
CAB,iShares Advantaged Canadian Bond Index Fund,No
CAB.A*,iShares Advantaged Canadian Bond Index Fund,No
CBD,iShares Balanced Income CorePortfolio Fund,No
CBD.A*,iShares Balanced Income CorePortfolio Fund,No
CBH,iShares 1-10 Year Laddered Corporate Bond Index Fund,No
CBH.A,iShares 1-10 Year Laddered Corporate Bond Index Fund,No
CBN,iShares Balanced Growth CorePortfolio Fund,No
CBN.A*,iShares Balanced Growth CorePortfolio Fund,No
CBO,iShares 1-5 Year Laddered Corporate Bond Index Fund,No
CBO.A*,iShares 1-5 Year Laddered Corporate Bond Index Fund,No
CBQ,iShares BRIC Index Fund,No
CBQ.A*,iShares BRIC Index Fund,No
CBR,iShares Broad Commodity Index Fund (CAD-Hedged),No
CBR.A*,iShares Broad Commodity Index Fund (CAD-Hedged),No
CDZ,iShares S&P/TSX Canadian Dividend Aristocrats Index Fund,No
CDZ.A*,iShares S&P/TSX Canadian Dividend Aristocrats Index Fund,No
CEW,iShares Equal Weight Banc & Lifeco Fund,No
CEW.A*,iShares Equal Weight Banc & Lifeco Fund,No
CGL,iShares Gold Bullion Fund,Yes
CGL.C,iShares Gold Bullion Fund,No
CGR,iShares Global Real Estate Index Fund,No
CGR.A*,iShares Global Real Estate Index Fund,No
CHB,iShares Advantaged U.S High Yield Bond Index Fund (CAD-Hedged),No
CHB.A*,iShares Advantaged U.S High Yield Bond Index Fund (CAD-Hedged),No
CHI,iShares China All-Cap Index Fund,No
CHI.A*,iShares China All-Cap Index Fund (Advisor Units),No
CIE,iShares International Fundamental Index Fund,No
CIE.A*,iShares International Fundamental Index Fund (Advisor Units),No
CIF,iShares Global Infrastructure Index Fund,No
CIF.A*,iShares Global Infrastructure Index Fund (Advisor Units),No
CJP,iShares Japan Fundamental Index Fund (CAD-Hedged),No
CJP.A*,iShares Japan Fundamental Index Fund (CAD-Hedged) (Advisor Units),No
CLF,iShares 1-5 Year Laddered Government Bond Index Fund,No
CLF.A*,iShares 1-5 Year Laddered Government Bond Index Fund (Advisor Units),No
CLG,iShares 1-10 Year Laddered Goverment Bond Index Fund,No
CLG.A,iShares 1-10 Year Laddered Goverment Bond Index Fund,No
CLO,iShares Oil Sands Index Fund,No
CLO.A*,iShares Oil Sands Index Fund (Advisor Units),No
CLU,iShares US Fundamental Index Fund,No
CLU.A*,iShares US Fundamental Index Fund (Advisor Units),No
CLU.B,iShares US Fundamental Index Fund,No
CLU.C,iShares US Fundamental Index Fund,No
CMF,iShares Managed Futures Index Fund,No
CMF.A,iShares Managed Futures Index Fund (Advisor Units),No
CMR,iShares Premium Money Market Fund,No
CMR.A*,iShares Premium Money Market Fund (Advisor Units),No
CMW,iShares S&P/TSX Global Mining Index Fund,No
CMW.A*,iShares S&P/TSX Global Mining Index Fund (Advisor Units),No
COW,iShares Global Agriculture Index Fund,Yes
COW.A*,iShares Global Agriculture Index Fund (Advisor Units),No
CPD,iShares S&P/TSX Canadian Preferred Share Index Fund,No
CPD.A*,iShares S&P/TSX Canadian Preferred Share Index Fund (Advisor Units),No
CRQ,iShares Canadian Fundamental Index Fund,No
CRQ.A*,iShares Canadian Fundamental Index Fund (Advisor Units),No
CSD,iShares Advantaged Short Duration High Income Fund,No
CSD.A,iShares Advantaged Short Duration High Income Fund (Advisor Units),No
CSD.U,iShares Advantaged Short Duration High Income Fund (U.S. Units),No
CSD.V,iShares Advantaged Short Duration High Income Fund (U.S. Units),No
CUD,iShares S&P US Dividend Growers Index Fund (CAD-Hedged),No
CUD.A,iShares S&P US Dividend Growers Index Fund (CAD-Hedged) (Advisor Units),No
CVD,iShares Advantaged Convertible Bond Index Fund,No
CVD.A,iShares Advantaged Convertible Bond Index Fund (Advisor Units),No
CWO,iShares Broad Emerging Markets Fund,No
CWO.A*,iShares Broad Emerging Markets Fund (Advisor Units),No
CWW,iShares S&P Global Water Index Fund,No
CWW.A*,iShares S&P Global Water Index Fund (Advisor Units),No
CXF,First Asset Canadian Convertible Bond ETF,No
CXF.A,First Asset Canadian Convertible Bond ETF (Advisor Units),No
CYH,iShares Global Monthly Advantaged Dividend Index Fund,No
CYH.A*,iShares Global Monthly Advantaged Dividend Index Fund (Advisor Units),No
DAA,PowerShares DB Agriculture Double Long ETN,No
DAD,PowerShares DB Agriculture Double Short ETN,No
DGJ,PowerShares DB Gold Double Short ETN,No
DGU,PowerShares DB Gold Double Long ETN,No
DLR,Horizons U.S. Dollar Currency ETF,No
DLR.U,Horizons U.S. Dollar Currency ETF (quoted in U.S. Dollars),No
DOE,PowerShares DB Crude Oil Double Short ETN,No
DXM,First Asset Morningstar Canada Dividend Target 30 Index ETF,No
DXM.A,First Asset Morningstar Canada Dividend Target 30 Index ETF (Advisor Units),No
ERO,iPath® EUR/USD Exchange Rate ETN,No
ERO.U,iPath® EUR/USD Exchange Rate ETN,No
EXM,First Asset Morningstar Emerging Markets Composite Bond Index ETF,No
EXM.A,First Asset Morningstar Emerging Markets Composite Bond Index ETF (Advisor Units),No
FFL,iPath US Treasury Flattener ETN,No
FFL.U,iPath US Treasury Flattener ETN,No
FIE,iShares Canadian Financial Monthly Income Fund,No
FIE.A*,iShares Canadian Financial Monthly Income Fund (Advisor Units),No
FXF,First Asset Can-Financials Covered Call ETF,No
FXF.A,First Asset Can-Financials Covered Call ETF (Advisor Units),No
FXM,First Asset Morningstar Canada Value Index ETF,No
FXM.A,First Asset Morningstar Canada Value Index ETF (Advisor Units),No
GBX,iPath®GBP/USD Exchange Rate ETN,No
GBX.U,iPath® GBP/USD Exchange Rate ETN,No
GXF,First Asset DEX Government Bond Barbell Index ETF,No
GXF.A,First Asset DEX Government Bond Barbell Index ETF (Advisor Units),No
HAA,Horizons AlphaPro Balanced ETF,No
HAB,Horizons AlphaPro Corporate Bond ETF,No
HAC,Horizons Seasonal Rotation ETF,No
HAC.A,Horizons Seasonal Rotation ETF (Advisor Units),No
HAD,Horizons Active Cdn Bond ETF,No
HAD.A,Horizons Active Cdn Bond ETF (Advisor Units),No
HAF,Horizons Active Advantage Yield ETF,No
HAF.A,Horizons Active Advantage Yield ETF (Advisor Units),No
HAG,Horizons Gartman ETF,No
HAG.A,Horizons Gartman ETF (Advisor Units),No
HAH,Horizons S&P/TSX 60 130/30 ETF,No
HAJ,Horizons Active Emerging Markets Dividend ETF,No
HAJ.A,Horizons Active Emerging Markets Dividend ETF (Advisor Units),No
HAL,Horizons AlphaPro Dividend ETF,No
HAP,Horizons Active Income Plus ETF,No
HAP.A,Horizons Active Income Plus ETF (Advisor Units),No
HAV,Horizons AlphaPro North American Value ETF,No
HAW,Horizons AlphaPro North American Growth ETF,No
HAZ,Horizons AlphaPro Global Dividend ETF,No
HBD,Horizons BetaPro COMEX Gold Bullion Bear+ ETF,No
HBU,Horizons BetaPro COMEX Gold Bullion Bull+ ETF,No
HDD,Horizons BetaPro U.S. Dollar Bear+ ETF,No
HDU,Horizons BetaPro U.S. Dollar Bull+ ETF,No
HEA.U,Horizons Enhanced Income US Equity (USD) ETF,No
HEA.V,Horizons Enhanced Income US Equity (USD) ETF (Advisor Units),No
HED,Horizons BetaPro S&P/TSX Capped Energy Bear+ ETF,Yes
HEE,Horizons Enhanced Income Energy ETF,No
HEE.A,Horizons Enhanced Income Energy ETF (Advisor Units,No
HEF,Horizons Enhanced Income Financials ETF,No
HEF.A,Horizons Enhanced Income Financials ETF (Advisor Units),No
HEJ,Horizons Enhanced Income International Equity ETF,No
HEJ.A,Horizons Enhanced Income International Equity ETF (Advisor Units),No
HEP,Horizons Enhanced Income Gold Producers ETF,No
HEP.A,Horizons Enhanced Income Gold Producers ETF (Advisor Units),No
HES,Horizons Enhanced U.S. Equity Income ETF,No
HES.A,Horizons Enhanced U.S. Equity Income ETF (Advisor Units),No
HEU,Horizons BetaPro S&P/TSX Capped Energy Bull+ ETF,Yes
HEW,Horizons AlphaPro S&P/TSX 60 Equal Weight Index ETF,No
HEX,Horizons Enhanced Income Equity ETF,No
HEX.A,Horizons Enhanced Income Equity ETF (Advisor Units),No
HFD,Horizons BetaPro S&P/TSX Capped Financials Bear+ ETF,Yes
HFR,Horizons AlphaPro Floating Rate Bond ETF,No
HFU,Horizons BetaPro S&P/TSX Capped Financials Bull+ ETF,Yes
HGD,Horizons BetaPro S&P/TSX Global Gold Bear+ ETF,Yes
HGU,Horizons BetaPro S&P/TSX Global Gold Bull+ ETF,Yes
HIE,Horizons BetaPro S&P/TSX Capped Energy Inverse ETF,No
HIF,Horizons BetaPro S&P/TSX Capped Financial Inverse ETF,No
HIG,Horizons BetaPro S&P/TSX Global Gold Inverse ETF,No
HIU,Horizons BetaPro S&P 500 Inverse ETF,No
HIX,Horizons BetaPro S&P/TSX 60 Inverse ETF,Yes
HJD,Horizons BetaPro MSCI Emerging Markets Bear+ ETF,No
HJU,Horizons BetaPro MSCI Emerging Markets Bull+ ETF,No
HKD,Horizons BetaPro Comex® Copper Bear Plus ETF,No
HKU,Horizons BetaPro Comex® Copper Bull Plus ETF,No
HMD,Horizons BetaPro S&P/TSX Global Base Metals Bear Plus ETF,No
HMF,Horizons Auspice Managed Futures Index ETF,No
HMF.A,Horizons Auspice Managed Futures Index ETF,
HMU,Horizons BetaPro S&P/TSX Global Base Metals Bull Plus ETF,No
HND,Horizons BetaPro NYMEX Natural Gas Bear+ ETF,Yes
HNU,Horizons BetaPro NYMEX Natural Gas Bull+ ETF,Yes
HNY,Horizons Natural Gas Yield ETF,No
HNY.A,Horizons Natural Gas Yield ETF (Advisor Units),No
HOD,Horizons BetaPro NYMEX Crude Oil Bear+ ETF,Yes
HOU,Horizons BetaPro NYMEX Crude Oil Bull+ ETF,Yes
HOY,Horizons Crude Oil Yield ETF,No
HOY.A,Horizons Crude Oil Yield ETF (Advisor Units),No
HPR,Horizons AlphaPro Preferred Share ETF,No
HQD,Horizons BetaPro NASDAQ-100 Bear+ ETF,No
HQU,Horizons BetaPro NASDAQ-100 Bull+ ETF,No
HSD,Horizons BetaPro S&P 500 Bear+ ETF,No
HSU,Horizons BetaPro S&P 500 Bull+ ETF,No
HTD,Horizons BetaPro U.S. 30-Yr Bond Bear+ ETF,No
HUC,Horizons BetaPro Winter-Term NYMEX ® Crude Oil ETF,No
HUF.U,Horizons U.S. Floating Rate Bond ETF (USD),No
HUF.V,Horizons U.S. Floating Rate Bond ETF (Advisor Units),No
HUG,Horizons BetaPro COMEX® Gold ETF,No
HUK,Horizons BetaPro COMEX Copper ETF,No
HUN,Horizons BetaPro Winter-Term NYMEX ® Natural Gas ETF,No
HUV,Horizons BetaPro S&P 500 VIX Short-Term Futures ETF,No
HUZ,Horizons BetaPro COMEX® Silver ETF,No
HVI,Horizons BetaPro S&P 500 VIX Short-Term Futures™ Inverse ETF,No
HVU,Horizons BetaPro S&P 500 VIX Short-Term Futures Bull Plus ETF,No
HXD,Horizons BetaPro S&P/TSX 60 Bear+ ETF,Yes
HXS,Horizons BetaPro S&P 500 Index (C$ Hedged) ETF,No
HXT,Horizons BetaPro S&P/TSX 60 Index ETF,Yes
HXT.U,Horizons BetaPro S&P/TSX 60 Index ETF (traded in U.S. Dollars),No
HXU,Horizons BetaPro S&P/TSX 60 Bull+ ETF,Yes
HYI,Horizons High Yield Bond ETF,No
HYI.A,Horizons High Yield Bond ETF (Advisor Units),No
HZD,Horizons BetaPro COMEX Silver Bear+ ETF,No
HZU,Horizons BetaPro COMEX Silver Bull+ ETF,No
HZY,Horizons Silver Yield ETF,No
HZY.A,Horizons Silver Yield ETF(Advisor Units),No
IGT,iShares Gold Trust,No
II,iPath® Optimized Currency Carry ETN,No
II.U,iPath® Optimized Currency Carry ETN,No
JYN,iPath® JPY/USD Exchange Rate ETN,No
JYN.U,iPath® JPY/USD Exchange Rate ETN,No
KXF,First Asset DEX Corporate Bond Barbell Index ETF,No
KXF.A,First Asset DEX Corporate Bond Barbell Index ETF (Advisor Units),No
LXF,First Asset Can-60 Covered Call ETF,No
LXF.A,First Asset Can-60 Covered Call ETF (Advisor Units),No
MXF,First Asset Can-Materials Covered Call ETF,No
MXF.A,First Asset Can-Materials Covered Call ETF (Advisor Units),No
OXF,First Asset Can-Energy Covered Call ETF,No
OXF.A,First Asset Can-Energy Covered Call ETF (Advisor Units),No
PDC,PowerShares Canadian Dividend Index ETF,No
PFH,PowerShares Fundamental High Yield Corporate Bond (CAD Hedged) Index ETF,No
PGL,PowerShares Ultra DLUX Long Term Government Bond Index ETF,No
PPS,PowerShares Canadian Preferred Share Index ETF,No
PSB,PowerShares 1- 5 Year Laddered Investment Grade Corporate Bond Index ETF,No
PTB,PowerShares Tactical Bond ETF,No
PXC,PowerShares FTSE RAFI Canadian Fundamental Index ETF,No
PXU,PowerShares FTSE RAFI US Fundamental (CAD Hedged) Index ETF,No
QQC,PowerShares QQQ (CAD Hedged) Index ETF,No
QXM,First Asset Morningstar National Bank Quebec Index ETF,No
QXM.A,First Asset Morningstar National Bank Quebec Index ETF (Advisor Units),No
RQA,RBC Target 2013 Corporate Bond ETF,No
RQB,RBC Target 2014 Corporate Bond ETF,No
RQC,RBC Target 2015 Corporate Bond ETF,No
RQD,RBC Target 2016 Corporate Bond ETF,No
RQE,RBC Target 2017 Corporate Bond ETF,No
RQF,RBC Target 2018 Corporate Bond ETF,No
RQG,RBC Target 2019 Corporate Bond ETF,No
RQH,RBC Target 2020 Corporate Bond ETF,No
RQI,RBC Target 2021 Corporate Bond Index ETF,No
SST,iPath US Treasury Steepener ETN,No
SST.U,iPath US Treasury Steepener ETN,No
SVR,iShares Silver Bullion Fund,No
SVR.C,iShares Silver Bullion Fund,No
TXF,First Asset Tech Giants Covered Call ETF,No
TXF.A,First Asset Tech Giants Covered Call ETF (Advisor Units),No
ULV,PowerShares S&P 500 Low Volatility (CAD Hedged) Index ETF,No
UXM,First Asset Morningstar US Dividend Target 50 Index ETF,No
UXM.A,First Asset Morningstar US Dividend Target 50 Index ETF (Advisor Units),No
VAB,Vanguard Canadian Aggregate Bond Index ETF,No
VCE,Vanguard MSCI Canada Index ETF,No
VDY,Vanguard FTSE Canadian High Dividend Yield Index ETF,No
VEE,Vanguard MSCI Emerging Markets Index ETF,No
VEF,Vanguard MSCI EAFE Index ETF (CAD-hedged),No
VFV,Vanguard S&P 500 Index ETF,No
VRE,Vanguard FTSE Canadian Capped REIT Index ETF,No
VSB,Vanguard Canadian Short-Term Bond Index ETF,No
VSC,Vanguard Canadian Short-Term Corporate Bond Index ETF,No
VSP,Vanguard S&P 500 Index ETF (CAD-hedged),No
VUS,Vanguard MSCI U.S. Broad Market Index ETF (CAD-hedged),No
VXX,iPath® S&P 500 VIX Short-Term Futures ETN,No
VXX.U,iPath® S&P 500 VIX Short-Term Futures ETN,No
VXZ,iPath® S&P 500 VIX Mid-Term Futures ETN,No
VXZ.U,iPath® S&P 500 VIX Mid-Term Futures ETN,No
WXM,First Asset Morningstar Canada Momentum Index ETF,No
WXM.A,First Asset Morningstar Canada Momentum Index ETF (Advisor Units),No
XAL,iShares Alternatives Complete Portfolio Builder Fund,No
XBB,iShares DEX Universe Bond Index Fund,No
XBM,iShares S&P/TSX Global Base Metals Index Fund,No
XBZ,iShares MSCI Brazil Index Fund ETF,No
XCB,iShares DEX All Corporate Bond Index Fund,Yes
XCG,iShares Dow Jones Canada Select Growth Index Fund,No
XCH,iShares China Index Fund ETF,No
XCR,iShares Conservative Core Portfolio Builder Fund,No
XCS,iShares S&P/TSX SmallCap Index Fund,No
XCV,iShares Dow Jones Canada Select Value Index Fund,No
XDV,iShares Dow Jones Canada Select Dividend Index Fund,Yes
XEB,iShares J.P. Morgan USD Emerging Markets Bond Index Fund (CAD-Hedged),No
XEG,iShares S&P/TSX Capped Energy Index Fund,Yes
XEI,iShares S&P/TSX Equity Income Index Fund,No
XEM,iShares MSCI Emerging Markets Index Fund ETF,No
XEN,iShares Jantzi Social Index Fund,No
XFN,iShares S&P/TSX Capped Financials Index Fund,Yes
XFR,iShares DEX Floating Rate Note Index Fund,No
XGB,iShares DEX All Government Bond Index Fund,No
XGC,iShares Global Completion Portfolio Builder Fund,No
XGD,iShares S&P/TSX Global Gold Index Fund,Yes
XGR,iShares Growth Core Portfolio Builder Fund,No
XHB,iShares DEX HYBrid Bond Index Fund,No
XHC,iShares S&P Global Healthcare Index Fund (CAD-Hedged),No
XHD,iShares U.S. High Dividend Equity Index Fund (CAD-Hedged),No
XHY,iShares U.S. High Yield Bond Index Fund (CAD-Hedged) ETF,No
XIC,iShares S&P/TSX Capped Composite Index Fund,Yes
XID,iShares S&P CNX Nifty India Index Fund ETF,No
XIG,iShares U.S. IG Corporate Bond Index Fund (CAD-Hedged) ETF,No
XIN,iShares MSCI EAFE 100% Hedged to CDN$ Index Fund,Yes
XIT,iShares S&P/TSX Capped Information Technology Index Fund,Yes
XIU,iShares S&P/TSX 60 Index Fund,Yes
XLA,iShares S&P Latin America 40 Index Fund ETF,No
XLB,iShares DEX Long Term Bond Index Fund,No
XMA,iShares S&P/TSX Capped Materials Index Fund,Yes
XMD,iShares S&P/TSX Completion Index Fund,No
XMI,iShares MSCI EAFE Minimum Volatility Index Fund,No
XMM,iShares MSCI Emerging Markets Minimum Volatility Index Fund,No
XMU,iShares MSCI USA Minimum Volatility Index Fund,No
XMV,iShares MSCI Canada Minimum Volatility Index Fund,No
XMW,iShares MSCI All Country World Minimum Volatility Index Fund,No
XPF,iShares S&P/TSX North American Preferred Stock IndexFund,No
XQQ,iShares NASDAQ 100 Index Fund (CAD-Hedged),No
XRB,iShares DEX Real Return Bond Index Fund,No
XRE,iShares S&P/TSX Capped REIT Index Fund,Yes
XSB,iShares DEX Short Term Bond Index Fund,Yes
XSH,iShares DEX Short Term Corporate Universe + Maple Bond Index Fund,No
XSP,iShares S&P 500 Hedged to CDN$ Index Fund,Yes
XST,iShares S&P/TSX Capped Consumer Staples Index Fund,No
XSU,iShares Russell 200 Hedged to CDN$ Index Fund,No
XTR,iShares S&P/TSX Income Trust Index Fund,No
XUT,iShares S&P/TSX Capped Utilities Index Fund,No
XVX,iShares S&P/TSX Venture Index Fund,No
XWD,iShares MSCI World Index Fund ETF,No
ZAG,BMO Aggregate Bond Index ETF,No
ZCA,BMO Agriculture Commodities Index ETF,No
ZCB,BMO Base Metals Commodities Index ETF,No
ZCE,BMO Energy Commodities Index ETF,No
ZCH,BMO China Equity Index ETF,No
ZCM,BMO Mid Corporate Bond Index ETF,No
ZCN,BMO Dow Jones Canada Titans 60 Index ETF,Yes
ZCP,BMO Precious Metals Commodities Index ETF,No
ZCS,BMO Short Corporate Bond Index ETF,No
ZDJ,BMO Dow Jones Diamonds Index ETF,No
ZDM,BMO International Equity Hedged to CAD Index ETF,No
ZDV,BMO Canadian Dividend ETF,No
ZEB,BMO S&P/TSX Equal Weight Banks Index ETF,Yes
ZEF,BMO Emerging Markets Bond Hedged to CAD Index ETF,No
ZEM,BMO Emerging Markets Equity Index ETF,No
ZEO,BMO S&P/TSX Equal Weight Oil & Gas Index ETF,No
ZFL,BMO Long Federal Bond Index ETF,No
ZFM,BMO Mid Federal Bond Index ETF,No
ZFS,BMO Short Federal Bond Index ETF,No
ZGD,BMO S&P/TSX Equal Weight Global Gold Index ETF,No
ZGI,BMO Global Infrastructure Index ETF,No
ZHY,BMO High Yield US Corporate Bond Hedged to CAD ETF,No
ZID,BMO India Equity Index ETF,No
ZIN,BMO S&P/TSX Equal Weight Industrials Index ETF,No
ZJG,BMO Junior Gold Index ETF,No
ZJN,BMO Junior Gas Index ETF,No
ZJO,BMO Junior Oil Index ETF,No
ZLB,BMO Low Volatility Canadian Equity ETF,No
ZLC,BMO Long Corporate Bond Index ETF,No
ZMI,BMO Monthly Income ETF,No
ZMT,BMO S&P/TSX EW Global Base Metals Hedged to CAD Index ETF,No
ZPR,BMO S&P/TSX Laddered Preferred Share Index ETF,No
ZPS,BMO Short Provincial Bond Index ETF,No
ZQQ,BMO Nasdaq 100 Equity Hedged to CAD Index ETF,No
ZRE,BMO Equal Weight REITs Index ETF,No
ZRR,BMO Real Return Bond Index ETF,No
ZSP,BMO S&P 500 Index ETF,No
ZSP.U,BMO S&P 500 Index ETF (traded in U.S. Dollars),No
ZUB,BMO Equal Weight US Banks Hedged to CAD Index ETF,No
ZUE,BMO US Equity Hedged to Cad Index ETF,No
ZUH,BMO Equal Weight US Health Care Hedged to CAD Index ETF,No
ZUT,BMO Equal Weight Utilities Index ETF,No
ZWA,BMO Covered Call Dow Jones Industrial Average Hedged to CAD ETF,No
ZWB,BMO Covered Call Canadian Banks ETF,No
ZWU,BMO Covered Call Utilities ETF,No
ZXA,BMO 2013 Corporate Bond Target Maturity ETF,No
ZXB,BMO 2015 Corporate Bond Target Maturity ETF,No
ZXC,BMO 2020 Corporate Bond Target Maturity ETF,No
ZXD,BMO 2025 Corporate Bond Target Maturity ETF,No